<?xml version = '1.0' encoding = 'UTF-8'?>
<Diagram class="oracle.dbtools.crest.swingui.logical.DPVLogical" name="Logical" id="3144809F-A43A-F064-8C2B-1DB58D8F0917">
<createdBy>JUAN_DAVID</createdBy>
<modifiedBy>JUAN_DAVID</modifiedBy>
<createdTime>2024-02-18 23:29:39 UTC</createdTime>
<autoRoute>false</autoRoute>
<boxInbox>true</boxInbox>
<showLegend>false</showLegend>
<showLabels>false</showLabels>
<showRelAttributes>false</showRelAttributes>
<gridEnabled>false</gridEnabled>
<showGrid>false</showGrid>
<diagramColor>-1</diagramColor>
<display>false</display>
<notation>1</notation>
<objectViews>
<OView class="oracle.dbtools.crest.swingui.logical.TVEntity" oid="2F85E2D9-AF49-A08A-2E7A-E68C5521538E" otype="Entity" vid="A8173109-B91A-C448-5A76-A92BA93F2A50">
<hideElementsInCurrentOnly>false</hideElementsInCurrentOnly>
<bounds x="184" y="22" width="170" height="110"/>
</OView>
<OView class="oracle.dbtools.crest.swingui.logical.TVEntity" oid="34BD35C8-24DF-6E27-A1BC-09A976AA6FB9" otype="Entity" vid="FEC0B090-0DAE-2BC6-A3F8-BBF963434018">
<hideElementsInCurrentOnly>false</hideElementsInCurrentOnly>
<bounds x="708" y="577" width="170" height="110"/>
</OView>
<OView class="oracle.dbtools.crest.swingui.logical.TVEntity" oid="662C20A5-DDA8-F8CE-C753-73AADD1F56E7" otype="Entity" vid="C7D2CC5D-1E01-998D-1651-7EF30528374C">
<hideElementsInCurrentOnly>false</hideElementsInCurrentOnly>
<bounds x="328" y="566" width="215" height="140"/>
</OView>
<OView class="oracle.dbtools.crest.swingui.logical.TVEntity" oid="7000515D-FFEF-703A-FDE1-04D541C34926" otype="Entity" vid="0A1CF93E-E94A-8B5B-D745-1F2E6172B66C">
<hideElementsInCurrentOnly>false</hideElementsInCurrentOnly>
<bounds x="773" y="381" width="170" height="110"/>
</OView>
<OView class="oracle.dbtools.crest.swingui.logical.TVEntity" oid="779FD52D-5367-9493-07DA-9A1FBD062533" otype="Entity" vid="988FF59A-AEF9-61BC-0C57-51CDF3FE4BA5">
<hideElementsInCurrentOnly>false</hideElementsInCurrentOnly>
<bounds x="279" y="269" width="170" height="110"/>
</OView>
<OView class="oracle.dbtools.crest.swingui.logical.TVEntity" oid="788D5755-853E-A6D9-5DE3-91AADDC33FD6" otype="Entity" vid="6E19F578-BC1B-9BFD-C906-A564FF60FC29">
<hideElementsInCurrentOnly>false</hideElementsInCurrentOnly>
<bounds x="88" y="244" width="386" height="277"/>
</OView>
<OView class="oracle.dbtools.crest.swingui.logical.TVEntity" oid="AA6240DC-E874-0BA1-9161-7E78517A80C9" otype="Entity" vid="BD15383C-FF3F-8993-50E8-365DC5997CA6">
<hideElementsInCurrentOnly>false</hideElementsInCurrentOnly>
<bounds x="548" y="233" width="417" height="279"/>
</OView>
<OView class="oracle.dbtools.crest.swingui.logical.TVEntity" oid="B103BAAC-6E66-D7B5-F365-877DCABDA5A3" otype="Entity" vid="34CC8B6B-9248-B2C2-EB90-E749AE580615">
<hideElementsInCurrentOnly>false</hideElementsInCurrentOnly>
<bounds x="281" y="389" width="170" height="110"/>
</OView>
<OView class="oracle.dbtools.crest.swingui.logical.TVEntity" oid="EBB71AAE-2501-F119-10CE-5C3EE4E43FE3" otype="Entity" vid="DC2D19EC-49F4-5FBA-C7DA-5EA92EE20C86">
<hideElementsInCurrentOnly>false</hideElementsInCurrentOnly>
<bounds x="780" y="249" width="170" height="110"/>
</OView>
<OView class="oracle.dbtools.crest.swingui.logical.TVEntity" oid="F829DD62-911F-30DB-C741-BEF315608A92" otype="Entity" vid="6B51FAE7-8998-B564-D448-B0F01F657E78">
<hideElementsInCurrentOnly>false</hideElementsInCurrentOnly>
<bounds x="738" y="23" width="170" height="110"/>
</OView>
</objectViews>
<connectors>
<Connector class="oracle.dbtools.crest.swingui.logical.TVRelation" oid="7A61E9BF-D8F3-7F2F-4156-60C2D4FB190D" otype="Relation" vid_source="0A1CF93E-E94A-8B5B-D745-1F2E6172B66C" vid_target="FEC0B090-0DAE-2BC6-A3F8-BBF963434018">
<hideElementsInCurrentOnly>false</hideElementsInCurrentOnly>
<backgroundColor>-16777216</backgroundColor>
<lineWidth>1</lineWidth>
<points>
<point x="825" y="491"/>
<point x="825" y="577"/>
</points>
</Connector>
<Connector class="oracle.dbtools.crest.swingui.logical.TVInheritanceRelation" oid="7CF19009-8516-C427-75D9-EA5A808B3CA7" otype="Hierarchy relation" vid_source="6E19F578-BC1B-9BFD-C906-A564FF60FC29" vid_target="34CC8B6B-9248-B2C2-EB90-E749AE580615">
<hideElementsInCurrentOnly>false</hideElementsInCurrentOnly>
<backgroundColor>-65536</backgroundColor>
<lineWidth>1</lineWidth>
</Connector>
<Connector class="oracle.dbtools.crest.swingui.logical.TVInheritanceRelation" oid="7EE6F1AD-E3BB-457E-A0EF-B8D54D240C4C" otype="Hierarchy relation" vid_source="6E19F578-BC1B-9BFD-C906-A564FF60FC29" vid_target="988FF59A-AEF9-61BC-0C57-51CDF3FE4BA5">
<hideElementsInCurrentOnly>false</hideElementsInCurrentOnly>
<backgroundColor>-65536</backgroundColor>
<lineWidth>1</lineWidth>
</Connector>
<Connector class="oracle.dbtools.crest.swingui.logical.TVInheritanceRelation" oid="8209F39F-34B5-669B-4EEE-5A752D2D4315" otype="Hierarchy relation" vid_source="BD15383C-FF3F-8993-50E8-365DC5997CA6" vid_target="DC2D19EC-49F4-5FBA-C7DA-5EA92EE20C86">
<hideElementsInCurrentOnly>false</hideElementsInCurrentOnly>
<backgroundColor>-65536</backgroundColor>
<lineWidth>1</lineWidth>
</Connector>
<Connector class="oracle.dbtools.crest.swingui.logical.TVRelation" oid="AA7E5959-265E-453B-C646-1CDD28CCDD8D" otype="Relation" vid_source="A8173109-B91A-C448-5A76-A92BA93F2A50" vid_target="6E19F578-BC1B-9BFD-C906-A564FF60FC29">
<hideElementsInCurrentOnly>false</hideElementsInCurrentOnly>
<backgroundColor>-16777216</backgroundColor>
<lineWidth>1</lineWidth>
<points>
<point x="269" y="132"/>
<point x="269" y="244"/>
</points>
</Connector>
<Connector class="oracle.dbtools.crest.swingui.logical.TVRelation" oid="C8F224DA-89E5-61F0-F1F9-2D47D1BCAC4A" otype="Relation" vid_source="6B51FAE7-8998-B564-D448-B0F01F657E78" vid_target="A8173109-B91A-C448-5A76-A92BA93F2A50">
<hideElementsInCurrentOnly>false</hideElementsInCurrentOnly>
<backgroundColor>-16777216</backgroundColor>
<lineWidth>1</lineWidth>
<points>
<point x="738" y="77"/>
<point x="354" y="77"/>
</points>
</Connector>
<Connector class="oracle.dbtools.crest.swingui.logical.TVRelation" oid="C9877A0F-E8C0-2F5E-9F06-00B4793257E6" otype="Relation" vid_source="C7D2CC5D-1E01-998D-1651-7EF30528374C" vid_target="FEC0B090-0DAE-2BC6-A3F8-BBF963434018">
<hideElementsInCurrentOnly>false</hideElementsInCurrentOnly>
<backgroundColor>-16777216</backgroundColor>
<lineWidth>1</lineWidth>
<points>
<point x="543" y="632"/>
<point x="708" y="632"/>
</points>
</Connector>
<Connector class="oracle.dbtools.crest.swingui.logical.TVRelation" oid="DAA4A32E-078A-22EB-7D02-AB3274938DA1" otype="Relation" vid_source="6B51FAE7-8998-B564-D448-B0F01F657E78" vid_target="DC2D19EC-49F4-5FBA-C7DA-5EA92EE20C86">
<hideElementsInCurrentOnly>false</hideElementsInCurrentOnly>
<backgroundColor>-16777216</backgroundColor>
<lineWidth>1</lineWidth>
<points>
<point x="844" y="133"/>
<point x="844" y="249"/>
</points>
</Connector>
<Connector class="oracle.dbtools.crest.swingui.logical.TVRelation" oid="DB1F0DB3-03E9-E7D6-BDEE-B3D71813684B" otype="Relation" vid_source="0A1CF93E-E94A-8B5B-D745-1F2E6172B66C" vid_target="34CC8B6B-9248-B2C2-EB90-E749AE580615">
<hideElementsInCurrentOnly>false</hideElementsInCurrentOnly>
<backgroundColor>-16777216</backgroundColor>
<lineWidth>1</lineWidth>
<points>
<point x="773" y="467"/>
<point x="451" y="466"/>
</points>
</Connector>
<Connector class="oracle.dbtools.crest.swingui.logical.TVInheritanceRelation" oid="F1200A86-710D-3EB3-E36F-D152B3820D05" otype="Hierarchy relation" vid_source="BD15383C-FF3F-8993-50E8-365DC5997CA6" vid_target="0A1CF93E-E94A-8B5B-D745-1F2E6172B66C">
<hideElementsInCurrentOnly>false</hideElementsInCurrentOnly>
<backgroundColor>-65536</backgroundColor>
<lineWidth>1</lineWidth>
</Connector>
</connectors>
</Diagram>