<?xml version = '1.0' encoding = 'UTF-8'?>
<Entity class="oracle.dbtools.crest.model.design.logical.Entity" directorySegmentName="seg_0" id="7000515D-FFEF-703A-FDE1-04D541C34926" name="cliente">
<createdBy>JUAN_DAVID</createdBy>
<createdTime>2024-02-18 23:34:34 UTC</createdTime>
<ownerDesignName>Modelo ER bancAndes</ownerDesignName>
<engineerTo>
<item key="F1C19097-F1C6-E989-EC41-97DAFF27FF1E" value="true"/>
</engineerTo>
<adequatelyNormalized>NO</adequatelyNormalized>
<expectedVolumes>0</expectedVolumes>
<fwdEngineeringStrategyName>Single Table</fwdEngineeringStrategyName>
<growthPercent>0</growthPercent>
<growthType>Year</growthType>
<hierarchicalParent>AA6240DC-E874-0BA1-9161-7E78517A80C9</hierarchicalParent>
<maxVolumes>9999999</maxVolumes>
<minVolumes>0</minVolumes>
<normalForm>Third</normalForm>
<attributes itemClass="oracle.dbtools.crest.model.design.logical.Attribute">
<Attribute name="idCliente" id="5AB88143-9507-E65E-DD9B-5B31EA34389F">
<createdBy>JUAN_DAVID</createdBy>
<createdTime>2024-02-18 23:34:39 UTC</createdTime>
<ownerDesignName>Modelo ER bancAndes</ownerDesignName>
<engineerTo>
<item key="F1C19097-F1C6-E989-EC41-97DAFF27FF1E" value="true"/>
</engineerTo>
<nullsAllowed>true</nullsAllowed>
<useDomainConstraints>false</useDomainConstraints>
<use>1</use>
<ownDataTypeParameters>,,</ownDataTypeParameters>
</Attribute>
<Attribute name="tipoCliente" id="88028B62-78E1-6AAE-8B7E-30CD248F564A">
<createdBy>JUAN_DAVID</createdBy>
<createdTime>2024-02-18 23:34:42 UTC</createdTime>
<ownerDesignName>Modelo ER bancAndes</ownerDesignName>
<engineerTo>
<item key="F1C19097-F1C6-E989-EC41-97DAFF27FF1E" value="true"/>
</engineerTo>
<nullsAllowed>true</nullsAllowed>
<useDomainConstraints>false</useDomainConstraints>
<use>1</use>
<ownDataTypeParameters>,,</ownDataTypeParameters>
</Attribute>
</attributes>
</Entity>