<?xml version = '1.0' encoding = 'UTF-8'?>
<Entity class="oracle.dbtools.crest.model.design.logical.Entity" directorySegmentName="seg_0" id="779FD52D-5367-9493-07DA-9A1FBD062533" name="operacionPrestamo">
<createdBy>JUAN_DAVID</createdBy>
<createdTime>2024-02-18 23:30:11 UTC</createdTime>
<ownerDesignName>Modelo ER bancAndes</ownerDesignName>
<engineerTo>
<item key="F1C19097-F1C6-E989-EC41-97DAFF27FF1E" value="true"/>
</engineerTo>
<adequatelyNormalized>NO</adequatelyNormalized>
<expectedVolumes>0</expectedVolumes>
<fwdEngineeringStrategyName>Single Table</fwdEngineeringStrategyName>
<growthPercent>0</growthPercent>
<growthType>Year</growthType>
<hierarchicalParent>788D5755-853E-A6D9-5DE3-91AADDC33FD6</hierarchicalParent>
<maxVolumes>9999999</maxVolumes>
<minVolumes>0</minVolumes>
<normalForm>Third</normalForm>
<attributes itemClass="oracle.dbtools.crest.model.design.logical.Attribute">
<Attribute name="numeroPrestamo" id="CD1A2DD2-BB7C-F9E6-6831-319740131518">
<createdBy>JUAN_DAVID</createdBy>
<createdTime>2024-02-18 23:30:21 UTC</createdTime>
<ownerDesignName>Modelo ER bancAndes</ownerDesignName>
<engineerTo>
<item key="F1C19097-F1C6-E989-EC41-97DAFF27FF1E" value="true"/>
</engineerTo>
<nullsAllowed>true</nullsAllowed>
<useDomainConstraints>false</useDomainConstraints>
<use>1</use>
<ownDataTypeParameters>,,</ownDataTypeParameters>
</Attribute>
</attributes>
</Entity>