<?xml version = '1.0' encoding = 'UTF-8'?>
<InheritanceRelation class="oracle.dbtools.crest.model.design.logical.InheritanceRelation" name="Hierarchy_1" directorySegmentName="seg_0" id="7CF19009-8516-C427-75D9-EA5A808B3CA7">
<createdBy>JUAN_DAVID</createdBy>
<createdTime>2024-02-18 23:31:49 UTC</createdTime>
<ownerDesignName>final</ownerDesignName>
<engineerTo>
<item key="F1C19097-F1C6-E989-EC41-97DAFF27FF1E" value="true"/>
</engineerTo>
<identifying>false</identifying>
<nameOnSource>Super Type</nameOnSource>
<nameOnTarget>Sub Type</nameOnTarget>
<optionalSource>true</optionalSource>
<optionalTarget>true</optionalTarget>
<sourceEntity>788D5755-853E-A6D9-5DE3-91AADDC33FD6</sourceEntity>
<targetEntity>B103BAAC-6E66-D7B5-F365-877DCABDA5A3</targetEntity>
<transferable>true</transferable>
<deleteRule>NO ACTION</deleteRule>
</InheritanceRelation>