<?xml version = '1.0' encoding = 'UTF-8'?>
<InheritanceRelation class="oracle.dbtools.crest.model.design.logical.InheritanceRelation" name="Hierarchy_2" directorySegmentName="seg_0" id="7EE6F1AD-E3BB-457E-A0EF-B8D54D240C4C">
<createdBy>JUAN_DAVID</createdBy>
<createdTime>2024-02-18 23:31:52 UTC</createdTime>
<ownerDesignName>final</ownerDesignName>
<engineerTo>
<item key="F1C19097-F1C6-E989-EC41-97DAFF27FF1E" value="true"/>
</engineerTo>
<identifying>false</identifying>
<nameOnSource>Super Type</nameOnSource>
<nameOnTarget>Sub Type</nameOnTarget>
<optionalSource>true</optionalSource>
<optionalTarget>true</optionalTarget>
<sourceEntity>788D5755-853E-A6D9-5DE3-91AADDC33FD6</sourceEntity>
<targetEntity>779FD52D-5367-9493-07DA-9A1FBD062533</targetEntity>
<transferable>true</transferable>
<deleteRule>NO ACTION</deleteRule>
</InheritanceRelation>