<?xml version = '1.0' encoding = 'UTF-8'?>
<InheritanceRelation class="oracle.dbtools.crest.model.design.logical.InheritanceRelation" name="Hierarchy_4" directorySegmentName="seg_0" id="8209F39F-34B5-669B-4EEE-5A752D2D4315">
<createdBy>JUAN_DAVID</createdBy>
<createdTime>2024-02-18 23:43:33 UTC</createdTime>
<ownerDesignName>final</ownerDesignName>
<engineerTo>
<item key="F1C19097-F1C6-E989-EC41-97DAFF27FF1E" value="true"/>
</engineerTo>
<identifying>false</identifying>
<nameOnSource>Super Type</nameOnSource>
<nameOnTarget>Sub Type</nameOnTarget>
<optionalSource>true</optionalSource>
<optionalTarget>true</optionalTarget>
<sourceEntity>AA6240DC-E874-0BA1-9161-7E78517A80C9</sourceEntity>
<targetEntity>EBB71AAE-2501-F119-10CE-5C3EE4E43FE3</targetEntity>
<transferable>true</transferable>
<deleteRule>NO ACTION</deleteRule>
</InheritanceRelation>