<?xml version = '1.0' encoding = 'UTF-8'?>
<InheritanceRelation class="oracle.dbtools.crest.model.design.logical.InheritanceRelation" name="Hierarchy_3" directorySegmentName="seg_0" id="F1200A86-710D-3EB3-E36F-D152B3820D05">
<createdBy>JUAN_DAVID</createdBy>
<createdTime>2024-02-18 23:43:08 UTC</createdTime>
<ownerDesignName>final</ownerDesignName>
<engineerTo>
<item key="F1C19097-F1C6-E989-EC41-97DAFF27FF1E" value="true"/>
</engineerTo>
<identifying>false</identifying>
<nameOnSource>Super Type</nameOnSource>
<nameOnTarget>Sub Type</nameOnTarget>
<optionalSource>true</optionalSource>
<optionalTarget>true</optionalTarget>
<sourceEntity>AA6240DC-E874-0BA1-9161-7E78517A80C9</sourceEntity>
<targetEntity>7000515D-FFEF-703A-FDE1-04D541C34926</targetEntity>
<transferable>true</transferable>
<deleteRule>NO ACTION</deleteRule>
</InheritanceRelation>