<?xml version = '1.0' encoding = 'UTF-8'?>
<Relation class="oracle.dbtools.crest.model.design.logical.Relation" name="Relation_6" directorySegmentName="seg_0" id="7A61E9BF-D8F3-7F2F-4156-60C2D4FB190D">
<createdBy>JUAN_DAVID</createdBy>
<createdTime>2024-02-18 23:46:16 UTC</createdTime>
<ownerDesignName>Modelo ER bancAndes</ownerDesignName>
<engineerTo>
<item key="F1C19097-F1C6-E989-EC41-97DAFF27FF1E" value="true"/>
</engineerTo>
<identifying>false</identifying>
<optionalSource>false</optionalSource>
<optionalTarget>false</optionalTarget>
<sourceCardinality>1</sourceCardinality>
<sourceEntity>7000515D-FFEF-703A-FDE1-04D541C34926</sourceEntity>
<targetCardinalityString>*</targetCardinalityString>
<targetEntity>34BD35C8-24DF-6E27-A1BC-09A976AA6FB9</targetEntity>
<transferable>true</transferable>
<deleteRule>NO ACTION</deleteRule>
</Relation>