<?xml version = '1.0' encoding = 'UTF-8'?>
<Relation class="oracle.dbtools.crest.model.design.logical.Relation" name="PuntoAtencion-Operacion" directorySegmentName="seg_0" id="AA7E5959-265E-453B-C646-1CDD28CCDD8D">
<createdBy>JUAN_DAVID</createdBy>
<createdTime>2024-02-18 23:39:40 UTC</createdTime>
<ownerDesignName>Modelo ER bancAndes</ownerDesignName>
<engineerTo>
<item key="F1C19097-F1C6-E989-EC41-97DAFF27FF1E" value="true"/>
</engineerTo>
<identifying>true</identifying>
<optionalSource>false</optionalSource>
<optionalTarget>false</optionalTarget>
<sourceCardinality>1</sourceCardinality>
<sourceEntity>2F85E2D9-AF49-A08A-2E7A-E68C5521538E</sourceEntity>
<targetCardinalityString>*</targetCardinalityString>
<targetEntity>788D5755-853E-A6D9-5DE3-91AADDC33FD6</targetEntity>
<transferable>true</transferable>
<deleteRule>NO ACTION</deleteRule>
</Relation>