<?xml version = '1.0' encoding = 'UTF-8'?>
<Relation class="oracle.dbtools.crest.model.design.logical.Relation" name="Oficina-puntoAtencion" directorySegmentName="seg_0" id="C8F224DA-89E5-61F0-F1F9-2D47D1BCAC4A">
<createdBy>JUAN_DAVID</createdBy>
<createdTime>2024-02-18 23:41:43 UTC</createdTime>
<ownerDesignName>Modelo ER bancAndes</ownerDesignName>
<engineerTo>
<item key="F1C19097-F1C6-E989-EC41-97DAFF27FF1E" value="true"/>
</engineerTo>
<identifying>true</identifying>
<optionalSource>true</optionalSource>
<optionalTarget>false</optionalTarget>
<sourceCardinality>1</sourceCardinality>
<sourceEntity>F829DD62-911F-30DB-C741-BEF315608A92</sourceEntity>
<targetCardinalityString>*</targetCardinalityString>
<targetEntity>2F85E2D9-AF49-A08A-2E7A-E68C5521538E</targetEntity>
<transferable>true</transferable>
<deleteRule>NO ACTION</deleteRule>
</Relation>