<?xml version = '1.0' encoding = 'UTF-8'?>
<Relation class="oracle.dbtools.crest.model.design.logical.Relation" name="clienteTieneCuenta" directorySegmentName="seg_0" id="C9877A0F-E8C0-2F5E-9F06-00B4793257E6">
<createdBy>JUAN_DAVID</createdBy>
<createdTime>2024-02-18 23:44:15 UTC</createdTime>
<ownerDesignName>Modelo ER bancAndes</ownerDesignName>
<engineerTo>
<item key="F1C19097-F1C6-E989-EC41-97DAFF27FF1E" value="true"/>
</engineerTo>
<identifying>false</identifying>
<optionalSource>true</optionalSource>
<optionalTarget>false</optionalTarget>
<sourceCardinality>*</sourceCardinality>
<sourceEntity>662C20A5-DDA8-F8CE-C753-73AADD1F56E7</sourceEntity>
<targetCardinalityString>1</targetCardinalityString>
<targetEntity>34BD35C8-24DF-6E27-A1BC-09A976AA6FB9</targetEntity>
<transferable>true</transferable>
<deleteRule>NO ACTION</deleteRule>
</Relation>