<?xml version = '1.0' encoding = 'UTF-8'?>
<Relation class="oracle.dbtools.crest.model.design.logical.Relation" name="oficinaEmpleado" directorySegmentName="seg_0" id="DAA4A32E-078A-22EB-7D02-AB3274938DA1">
<createdBy>JUAN_DAVID</createdBy>
<createdTime>2024-02-18 23:42:24 UTC</createdTime>
<ownerDesignName>Modelo ER bancAndes</ownerDesignName>
<engineerTo>
<item key="F1C19097-F1C6-E989-EC41-97DAFF27FF1E" value="true"/>
</engineerTo>
<identifying>true</identifying>
<optionalSource>false</optionalSource>
<optionalTarget>false</optionalTarget>
<sourceCardinality>1</sourceCardinality>
<sourceEntity>F829DD62-911F-30DB-C741-BEF315608A92</sourceEntity>
<targetCardinalityString>*</targetCardinalityString>
<targetEntity>EBB71AAE-2501-F119-10CE-5C3EE4E43FE3</targetEntity>
<transferable>true</transferable>
<deleteRule>NO ACTION</deleteRule>
</Relation>