<?xml version = '1.0' encoding = 'UTF-8'?>
<Relation class="oracle.dbtools.crest.model.design.logical.Relation" name="clienteHaceOperaciones" directorySegmentName="seg_0" id="DB1F0DB3-03E9-E7D6-BDEE-B3D71813684B">
<createdBy>JUAN_DAVID</createdBy>
<createdTime>2024-02-18 23:45:01 UTC</createdTime>
<ownerDesignName>Modelo ER bancAndes</ownerDesignName>
<engineerTo>
<item key="F1C19097-F1C6-E989-EC41-97DAFF27FF1E" value="true"/>
</engineerTo>
<identifying>false</identifying>
<optionalSource>false</optionalSource>
<optionalTarget>true</optionalTarget>
<sourceCardinality>1</sourceCardinality>
<sourceEntity>7000515D-FFEF-703A-FDE1-04D541C34926</sourceEntity>
<targetCardinalityString>*</targetCardinalityString>
<targetEntity>B103BAAC-6E66-D7B5-F365-877DCABDA5A3</targetEntity>
<transferable>true</transferable>
<deleteRule>NO ACTION</deleteRule>
</Relation>